session_id,search_id,search_time,session_starting_time,booking_id
322,784,2020-01-21 21:35:38.910000,2020-01-21 21:10:12,0.0
322,776,2020-01-21 21:37:37.697000,2020-01-21 21:10:12,0.0
322,623,2020-01-21 21:36:11.392000,2020-01-21 21:10:12,0.0
322,270,2020-01-21 21:16:07.685000,2020-01-21 21:10:12,0.0
322,905,2020-01-21 21:34:55.673000,2020-01-21 21:10:12,0.0
322,506,2020-01-21 21:10:58.482000,2020-01-21 21:10:12,54.0
283,880,2020-01-21 05:33:48.061000,0,106.0
194,312,2019-09-05 09:04:40.423000,2019-09-05 09:04:32,1.0
52,1227,2020-01-20 16:54:07.232000,0,0.0
52,1110,2020-01-20 17:03:52.145000,0,282.0
229,420,2019-09-07 22:23:15.942000,2019-09-07 22:00:05,0.0
229,292,2019-09-07 22:25:06.214000,2019-09-07 22:00:05,0.0
229,403,2019-09-07 22:00:15.256000,2019-09-07 22:00:05,0.0
229,695,2019-09-07 22:29:05.439000,2019-09-07 22:00:05,240.0
229,808,2019-09-07 22:22:19.052000,2019-09-07 22:00:05,0.0
229,445,2019-09-07 22:22:06.473000,2019-09-07 22:00:05,0.0
126,1140,0,2022-05-12 13:01:12,67.0
308,91,2018-11-09 12:41:01.242000,0,0.0
308,44,2018-11-09 12:01:42.152000,0,0.0
308,1291,2018-11-09 12:34:38.162000,0,0.0
308,91,2018-11-09 12:41:01.242000,0,0.0
308,4,2018-11-09 12:02:36.301000,0,52.0
308,91,2018-11-09 12:41:01.242000,0,0.0
309,1155,0,0,116.0
116,714,0,2021-12-11 18:32:34,0.0
116,245,0,2021-12-11 18:32:34,0.0
308,155,2018-11-09 12:34:14.903000,0,0.0
116,458,0,2021-12-11 18:32:34,0.0
116,199,0,2021-12-11 18:32:34,0.0
107,913,0,0,148.0
107,329,0,0,0.0
116,384,0,2021-12-11 18:32:34,231.0
285,216,2019-09-03 17:29:53.394000,2019-09-03 17:29:39,34.0
270,1133,0,2021-12-12 22:38:25,58.0
270,1133,0,2021-12-12 22:38:25,0.0
42,853,0,0,0.0
42,263,0,0,0.0
42,582,0,0,0.0
42,601,0,0,326.0
26,1261,2018-11-07 19:29:54.852000,0,81.0
160,1220,2020-01-26 13:20:13.178000,2020-01-26 12:56:26,0.0
160,451,2020-01-26 13:35:35.117000,2020-01-26 12:56:26,190.0
160,1176,2020-01-26 12:56:41.426000,2020-01-26 12:56:26,0.0
160,1174,2020-01-26 12:58:44.078000,2020-01-26 12:56:26,0.0
57,1277,2018-09-29 13:38:20.074000,2018-09-29 13:13:05,74.0
93,881,0,2021-11-08 15:43:09,0.0
160,984,2020-01-26 12:56:59.011000,2020-01-26 12:56:26,0.0
160,1026,2020-01-26 13:20:18.196000,2020-01-26 12:56:26,0.0
160,1179,2020-01-26 13:19:21.369000,2020-01-26 12:56:26,0.0
174,1340,2018-09-29 19:30:46.673000,2018-09-29 19:30:22,0.0
174,1325,2018-09-29 19:38:15.401000,2018-09-29 19:30:22,0.0
174,25,2018-09-29 19:35:13.617000,2018-09-29 19:30:22,23.0
93,858,0,2021-11-08 15:43:09,0.0
93,368,0,2021-11-08 15:43:09,0.0
93,829,0,2021-11-08 15:43:09,119.0
93,814,0,2021-11-08 15:43:09,0.0
93,870,0,2021-11-08 15:43:09,0.0
93,222,0,2021-11-08 15:43:09,0.0
167,1161,2020-01-24 08:20:18.386000,2020-01-24 07:47:05,0.0
261,357,2020-01-24 09:51:00.143000,2020-01-24 09:50:56,0.0
261,826,2020-01-24 09:52:47.429000,2020-01-24 09:50:56,0.0
261,826,2020-01-24 09:52:47.429000,2020-01-24 09:50:56,0.0
261,640,2020-01-24 10:10:24.470000,2020-01-24 09:50:56,0.0
261,640,2020-01-24 10:10:24.470000,2020-01-24 09:50:56,0.0
261,944,2020-01-24 10:13:57.148000,2020-01-24 09:50:56,0.0
57,7,2018-09-29 13:24:47.439000,2018-09-29 13:13:05,0.0
117,529,0,2021-12-16 21:00:08,0.0
117,815,0,2021-12-16 21:00:08,0.0
117,928,0,2021-12-16 21:00:08,0.0
167,1056,2020-01-24 08:24:58.759000,2020-01-24 07:47:05,261.0
261,640,2020-01-24 10:10:24.470000,2020-01-24 09:50:56,0.0
57,32,2018-09-29 13:23:49.292000,2018-09-29 13:13:05,0.0
167,1068,2020-01-24 08:21:26.366000,2020-01-24 07:47:05,0.0
261,1240,2020-01-24 10:23:40.733000,2020-01-24 09:50:56,0.0
261,1069,2020-01-24 10:32:01.971000,2020-01-24 09:50:56,0.0
261,826,2020-01-24 09:52:47.429000,2020-01-24 09:50:56,0.0
261,944,2020-01-24 10:13:57.148000,2020-01-24 09:50:56,0.0
261,1175,2020-01-24 10:26:41.143000,2020-01-24 09:50:56,0.0
261,1069,2020-01-24 10:32:01.971000,2020-01-24 09:50:56,0.0
261,1022,2020-01-24 10:28:55.113000,2020-01-24 09:50:56,0.0
261,1005,2020-01-24 10:31:31.612000,2020-01-24 09:50:56,0.0
261,826,2020-01-24 09:52:47.429000,2020-01-24 09:50:56,0.0
261,944,2020-01-24 10:13:57.148000,2020-01-24 09:50:56,0.0
261,1078,2020-01-24 10:37:10.169000,2020-01-24 09:50:56,323.0
261,1169,2020-01-24 10:25:31.586000,2020-01-24 09:50:56,0.0
261,995,2020-01-24 10:43:42.651000,2020-01-24 09:50:56,0.0
261,1137,2020-01-24 10:30:19.558000,2020-01-24 09:50:56,0.0
117,608,0,2021-12-16 21:00:08,0.0
117,590,0,2021-12-16 21:00:08,0.0
117,236,0,2021-12-16 21:00:08,0.0
117,399,0,2021-12-16 21:00:08,297.0
7,681,2020-01-23 14:09:24.591000,0,0.0
171,896,0,2021-11-09 03:59:18,48.0
171,896,0,2021-11-09 03:59:18,48.0
7,554,2020-01-23 14:05:25.435000,0,0.0
7,922,2020-01-23 13:56:48.659000,0,157.0
258,291,0,2020-09-03 13:30:37,0.0
258,809,0,2020-09-03 13:30:37,274.0
298,39,2018-09-25 16:47:42.775000,0,0.0
113,112,2018-09-25 18:25:59.574000,0,289.0
298,130,2018-09-25 16:40:20.684000,0,0.0
298,104,2018-09-25 16:46:18.816000,0,0.0
298,39,2018-09-25 16:47:42.775000,0,0.0
298,68,2018-09-25 16:11:27.181000,0,0.0
298,1344,2018-09-25 16:16:45.289000,0,75.0
298,39,2018-09-25 16:47:42.775000,0,0.0
298,170,2018-09-25 16:40:55.791000,0,0.0
298,1253,2018-09-25 16:22:05.569000,0,38.0
113,1316,2018-09-25 18:14:29.653000,0,0.0
113,151,2018-09-25 18:24:38.542000,0,0.0
298,1308,2018-09-25 16:42:33.575000,0,0.0
128,161,2018-09-24 15:03:39.272000,2018-09-24 14:59:58,192.0
128,31,2018-09-24 15:02:46.042000,2018-09-24 14:59:58,0.0
128,1313,2018-09-24 15:02:08.523000,2018-09-24 14:59:58,0.0
100,214,0,0,96.0
299,1217,2020-01-29 16:38:24.508000,2020-01-29 16:10:34,0.0
299,1208,2020-01-29 16:10:46.413000,2020-01-29 16:10:34,0.0
299,961,2020-01-29 16:38:30.512000,2020-01-29 16:10:34,32.0
32,761,0,0,12.0
32,761,0,0,12.0
299,1158,2020-01-29 16:10:35.445000,2020-01-29 16:10:34,0.0
155,902,2020-01-28 18:25:56.425000,0,0.0
154,489,2020-01-28 16:45:12.261000,0,313.0
215,1010,2020-01-28 10:29:54.097000,2020-01-28 09:55:07,0.0
155,549,2020-01-28 18:26:10.752000,0,122.0
155,468,2020-01-28 18:29:14.063000,0,0.0
155,765,2020-01-28 18:25:22.414000,0,0.0
156,689,2020-01-28 14:12:30.266000,2020-01-28 14:12:12,0.0
156,641,2020-01-28 14:13:59.629000,2020-01-28 14:12:12,27.0
154,571,2020-01-28 16:33:27.078000,0,278.0
155,642,2020-01-28 19:04:43.841000,0,0.0
155,894,2020-01-28 18:29:21.576000,0,0.0
215,1065,2020-01-28 09:55:28.294000,2020-01-28 09:55:07,0.0
155,662,2020-01-28 17:56:25.351000,0,0.0
155,334,2020-01-28 18:25:48.909000,0,0.0
215,994,2020-01-28 10:16:23.787000,2020-01-28 09:55:07,0.0
215,1065,2020-01-28 09:55:28.294000,2020-01-28 09:55:07,125.0
154,481,2020-01-28 16:32:52.676000,0,0.0
155,316,2020-01-28 18:25:42.567000,0,0.0
155,843,2020-01-28 18:25:35.103000,0,0.0
215,1065,2020-01-28 09:55:28.294000,2020-01-28 09:55:07,0.0
12,840,0,0,146.0
110,414,2020-01-27 18:36:57.316000,2020-01-27 18:34:17,0.0
110,414,2020-01-27 18:36:57.316000,2020-01-27 18:34:17,322.0
110,331,2020-01-27 18:35:28.280000,2020-01-27 18:34:17,0.0
47,1066,2020-01-27 10:26:54.122000,2020-01-27 10:25:51,243.0
154,835,2020-01-28 17:06:08.301000,0,0.0
223,1121,2020-01-28 16:25:15.746000,2020-01-28 16:24:07,215.0
156,689,2020-01-28 14:12:30.266000,2020-01-28 14:12:12,0.0
242,310,0,0,283.0
110,607,2020-01-27 18:35:02.100000,2020-01-27 18:34:17,0.0
6,406,0,0,0.0
44,724,0,0,193.0
87,167,2018-09-21 16:26:56.976000,0,65.0
273,64,2018-09-21 16:36:32.012000,0,265.0
87,1341,2018-09-21 16:22:49.376000,0,0.0
273,53,2018-09-21 17:01:02.921000,0,0.0
273,46,2018-09-21 17:05:23.085000,0,0.0
43,1222,2019-09-01 20:41:01.537000,0,279.0
4,763,2019-09-02 10:16:13.160000,2019-09-02 10:15:44,105.0
4,763,2019-09-02 10:16:13.160000,2019-09-02 10:15:44,0.0
49,1351,2018-09-23 07:53:22.438000,0,191.0
151,916,0,0,95.0
151,833,0,0,0.0
236,338,2019-11-29 07:13:28.157000,2019-11-29 07:11:41,0.0
236,449,2019-11-29 07:29:17.474000,2019-11-29 07:11:41,171.0
17,219,0,2021-07-01 09:12:38,0.0
17,494,0,2021-07-01 09:12:38,100.0
17,494,0,2021-07-01 09:12:38,0.0
280,851,2019-11-30 11:02:48.757000,0,234.0
95,412,0,2020-10-20 13:00:14,291.0
280,851,2019-11-30 11:02:48.757000,0,0.0
263,674,0,0,0.0
263,333,0,0,7.0
198,364,0,2021-03-14 05:08:37,0.0
198,411,0,2021-03-14 05:08:37,198.0
69,1224,0,0,302.0
69,1008,0,0,0.0
69,1126,0,0,0.0
69,1028,0,0,0.0
69,1191,0,0,0.0
69,949,0,0,0.0
69,1061,0,0,0.0
69,1107,0,0,0.0
69,1006,0,0,0.0
69,1112,0,0,0.0
121,327,0,2021-09-20 19:12:01,130.0
157,658,0,2021-09-21 12:06:53,71.0
145,1098,0,2022-02-22 08:45:47,180.0
145,982,0,2022-02-22 08:45:47,0.0
265,460,0,2021-03-18 17:13:11,186.0
265,279,0,2021-03-18 17:13:11,0.0
265,552,0,2021-03-18 17:13:11,0.0
265,713,0,2021-03-18 17:13:11,0.0
46,1170,0,0,0.0
46,1023,0,0,0.0
46,979,0,0,0.0
46,1111,0,0,0.0
46,1131,0,0,219.0
46,1109,0,0,0.0
46,1148,0,0,0.0
46,1202,0,0,0.0
46,1076,0,0,0.0
46,1218,0,0,0.0
255,675,0,2022-01-17 19:00:11,0.0
255,753,0,2022-01-17 19:00:11,0.0
255,515,0,2022-01-17 19:00:11,0.0
255,651,0,2022-01-17 19:00:11,0.0
196,1017,2020-03-02 11:40:44.719000,2020-03-02 11:40:18,303.0
255,789,0,2022-01-17 19:00:11,0.0
196,1067,2020-03-02 11:40:28.268000,2020-03-02 11:40:18,0.0
196,1017,2020-03-02 11:40:44.719000,2020-03-02 11:40:18,0.0
255,874,0,2022-01-17 19:00:11,0.0
255,428,0,2022-01-17 19:00:11,0.0
255,515,0,2022-01-17 19:00:11,0.0
255,276,0,2022-01-17 19:00:11,103.0
196,1047,2020-03-02 11:47:43.499000,2020-03-02 11:40:18,115.0
175,621,0,0,0.0
175,770,0,0,0.0
175,602,0,0,0.0
175,193,0,0,0.0
175,703,0,0,163.0
175,559,0,0,0.0
175,297,0,0,0.0
175,769,0,0,0.0
175,872,0,0,0.0
127,626,0,0,318.0
221,358,0,2021-04-28 06:07:48,3.0
221,499,0,2021-04-28 06:07:48,0.0
221,404,0,2021-04-28 06:07:48,0.0
221,643,0,2021-04-28 06:07:48,0.0
127,626,0,0,0.0
221,230,0,2021-04-28 06:07:48,0.0
221,820,0,2021-04-28 06:07:48,0.0
221,566,0,2021-04-28 06:07:48,0.0
221,909,0,2021-04-28 06:07:48,0.0
221,342,0,2021-04-28 06:07:48,0.0
221,599,0,2021-04-28 06:07:48,0.0
221,522,0,2021-04-28 06:07:48,0.0
221,591,0,2021-04-28 06:07:48,0.0
91,692,0,2022-02-25 09:03:12,0.0
91,782,0,2022-02-25 09:03:12,90.0
232,218,2020-01-31 19:19:22.151000,2020-01-31 18:47:39,0.0
232,255,2020-01-31 19:19:54.163000,2020-01-31 18:47:39,0.0
232,278,2020-01-31 19:18:14.774000,2020-01-31 18:47:39,0.0
232,367,2020-01-31 19:20:51.204000,2020-01-31 18:47:39,0.0
232,578,2020-01-31 19:21:28.120000,2020-01-31 18:47:39,0.0
232,823,2020-01-31 18:49:25.019000,2020-01-31 18:47:39,0.0
232,861,2020-01-31 18:48:03.603000,2020-01-31 18:47:39,0.0
232,248,2020-01-31 19:19:34.285000,2020-01-31 18:47:39,0.0
232,663,2020-01-31 19:21:16.946000,2020-01-31 18:47:39,0.0
2,237,2020-01-31 06:26:55.785000,2020-01-31 06:24:32,269.0
232,211,2020-01-31 19:17:49.418000,2020-01-31 18:47:39,0.0
232,200,2020-01-31 19:17:08.200000,2020-01-31 18:47:39,0.0
232,595,2020-01-31 19:16:12.838000,2020-01-31 18:47:39,0.0
78,375,2020-01-31 20:27:38.420000,0,239.0
232,232,2020-01-31 19:15:59.778000,2020-01-31 18:47:39,0.0
232,280,2020-01-31 18:48:39.830000,2020-01-31 18:47:39,0.0
232,326,2020-01-31 19:17:34.721000,2020-01-31 18:47:39,0.0
232,926,2020-01-31 19:20:30.445000,2020-01-31 18:47:39,0.0
78,397,2020-01-31 19:49:23.143000,0,0.0
78,882,2020-01-31 19:54:33.785000,0,0.0
302,841,2020-03-08 12:20:27.121000,0,22.0
2,528,2020-01-31 06:26:31.271000,2020-01-31 06:24:32,0.0
232,339,2020-01-31 19:15:39.992000,2020-01-31 18:47:39,0.0
232,413,2020-01-31 19:18:02.237000,2020-01-31 18:47:39,0.0
232,523,2020-01-31 18:47:34.808000,2020-01-31 18:47:39,0.0
232,511,2020-01-31 19:17:21.500000,2020-01-31 18:47:39,0.0
232,207,2020-01-31 19:21:37.393000,2020-01-31 18:47:39,0.0
78,391,2020-01-31 20:09:03.836000,0,0.0
302,614,2020-03-08 12:14:33.568000,0,0.0
232,196,2020-01-31 19:16:29.602000,2020-01-31 18:47:39,0.0
232,385,2020-01-31 19:20:13.057000,2020-01-31 18:47:39,0.0
232,444,2020-01-31 19:18:35.731000,2020-01-31 18:47:39,0.0
232,501,2020-01-31 19:08:48.509000,2020-01-31 18:47:39,0.0
232,755,2020-01-31 19:19:02.058000,2020-01-31 18:47:39,0.0
232,207,2020-01-31 19:21:37.393000,2020-01-31 18:47:39,184.0
275,530,2020-01-31 23:30:25.834000,2020-01-31 23:30:21,20.0
302,383,2020-03-08 12:19:12.272000,0,0.0
29,580,0,2022-01-12 15:26:28,0.0
29,700,0,2022-01-12 15:26:28,2.0
29,609,0,2022-01-12 15:26:28,0.0
286,569,0,2020-05-20 13:40:25,0.0
286,569,0,2020-05-20 13:40:25,0.0
286,569,0,2020-05-20 13:40:25,158.0
286,569,0,2020-05-20 13:40:25,0.0
286,569,0,2020-05-20 13:40:25,0.0
286,569,0,2020-05-20 13:40:25,0.0
286,569,0,2020-05-20 13:40:25,0.0
286,569,0,2020-05-20 13:40:25,0.0
21,1181,2019-10-22 22:04:07.552000,2019-10-22 20:24:59,0.0
21,1033,2019-10-22 21:56:30.280000,2019-10-22 20:24:59,0.0
21,1072,2019-10-22 21:59:51.625000,2019-10-22 20:24:59,0.0
21,1129,2019-10-22 20:39:35.539000,2019-10-22 20:24:59,0.0
21,1053,2019-10-22 21:57:13.933000,2019-10-22 20:24:59,0.0
21,1038,2019-10-22 22:02:51.140000,2019-10-22 20:24:59,0.0
21,1168,2019-10-22 22:02:06.103000,2019-10-22 20:24:59,0.0
21,1093,2019-10-22 20:25:05.186000,2019-10-22 20:24:59,0.0
29,700,0,2022-01-12 15:26:28,2.0
21,1100,2019-10-22 20:36:46.380000,2019-10-22 20:24:59,0.0
21,1088,2019-10-22 22:20:27.904000,2019-10-22 20:24:59,248.0
21,960,2019-10-22 21:21:32.664000,2019-10-22 20:24:59,0.0
241,927,0,2021-09-28 18:31:16,0.0
241,878,0,2021-09-28 18:31:16,0.0
21,983,2019-10-22 21:54:30.786000,2019-10-22 20:24:59,0.0
21,1044,2019-10-22 21:21:59.815000,2019-10-22 20:24:59,0.0
21,951,2019-10-22 21:55:25.283000,2019-10-22 20:24:59,0.0
21,998,2019-10-22 21:23:56.997000,2019-10-22 20:24:59,0.0
278,1228,2020-01-30 12:06:05.569000,0,108.0
278,1189,2020-01-30 12:10:50.888000,0,0.0
241,648,0,2021-09-28 18:31:16,69.0
241,899,0,2021-09-28 18:31:16,0.0
278,1092,2020-01-30 12:05:45.370000,0,0.0
21,1070,2019-10-22 20:26:05.520000,2019-10-22 20:24:59,0.0
21,1051,2019-10-22 20:36:28.593000,2019-10-22 20:24:59,0.0
21,1223,2019-10-22 21:28:37.859000,2019-10-22 20:24:59,0.0
278,1113,2020-01-30 12:05:21.733000,0,0.0
21,1162,2019-10-22 21:53:47.233000,2019-10-22 20:24:59,0.0
278,1228,2020-01-30 12:06:05.569000,0,0.0
89,386,0,2020-09-10 06:35:12,0.0
89,440,0,2020-09-10 06:35:12,262.0
89,897,0,2020-09-10 06:35:12,0.0
89,497,0,2020-09-10 06:35:12,0.0
132,302,0,0,176.0
205,749,0,2022-01-14 14:39:19,110.0
132,563,0,0,0.0
132,302,0,0,0.0
132,302,0,0,176.0
205,749,0,2022-01-14 14:39:19,110.0
222,670,0,0,0.0
222,250,0,0,174.0
222,852,0,0,0.0
212,1160,2020-03-05 02:46:53.949000,2020-03-05 02:28:14,0.0
48,373,0,0,0.0
48,295,0,0,199.0
48,213,0,0,0.0
48,396,0,0,0.0
48,452,0,0,0.0
212,1128,2020-03-05 02:28:19.815000,2020-03-05 02:28:14,0.0
212,1001,2020-03-05 03:09:19.130000,2020-03-05 02:28:14,98.0
76,179,2018-12-01 20:54:35.192000,0,154.0
76,8,2018-12-01 20:09:44.259000,0,0.0
76,179,2018-12-01 20:54:35.192000,0,0.0
76,8,2018-12-01 20:09:44.259000,0,0.0
76,34,2018-12-01 19:57:30.288000,0,142.0
76,154,2018-12-01 21:40:06.297000,0,0.0
76,34,2018-12-01 19:57:30.288000,0,142.0
293,879,0,0,152.0
173,624,0,2020-11-16 16:04:58,0.0
173,940,0,2020-11-16 16:04:58,0.0
173,932,0,2020-11-16 16:04:58,0.0
173,924,0,2020-11-16 16:04:58,47.0
274,630,0,0,237.0
55,711,0,2020-10-08 16:00:21,145.0
55,551,0,2020-10-08 16:00:21,0.0
55,432,0,2020-10-08 16:00:21,0.0
210,1226,2019-12-04 20:50:50.071000,0,230.0
98,296,2019-12-05 16:40:48.267000,0,185.0
300,980,0,2021-12-03 06:02:28,0.0
300,1154,0,2021-12-03 06:02:28,320.0
300,1027,0,2021-12-03 06:02:28,0.0
300,980,0,2021-12-03 06:02:28,0.0
300,980,0,2021-12-03 06:02:28,0.0
300,1198,0,2021-12-03 06:02:28,0.0
300,1059,0,2021-12-03 06:02:28,0.0
276,730,2020-02-22 13:14:10.003000,2020-02-22 13:02:44,0.0
276,453,2020-02-22 13:04:14.365000,2020-02-22 13:02:44,0.0
276,572,2020-02-22 13:14:47.505000,2020-02-22 13:02:44,0.0
276,594,2020-02-22 13:16:43.788000,2020-02-22 13:02:44,0.0
276,717,2020-02-22 13:10:39.760000,2020-02-22 13:02:44,0.0
111,1046,2020-02-22 16:45:32.298000,0,273.0
324,125,2018-09-11 14:05:12.123000,0,121.0
324,1323,2018-09-11 13:57:48.980000,0,147.0
276,857,2020-02-22 13:09:53.763000,2020-02-22 13:02:44,0.0
276,743,2020-02-22 13:18:33.253000,2020-02-22 13:02:44,62.0
276,906,2020-02-22 13:11:10.271000,2020-02-22 13:02:44,0.0
15,381,2020-01-16 22:22:37.803000,2020-01-16 22:20:27,312.0
15,627,2020-01-16 22:20:31.126000,2020-01-16 22:20:27,0.0
311,532,2020-01-15 21:02:55.633000,0,0.0
311,654,2020-01-15 21:02:31.908000,0,0.0
311,472,2020-01-15 21:04:03.110000,0,0.0
311,349,2020-01-15 20:43:57.202000,0,4.0
311,860,2020-01-15 20:42:36.084000,0,0.0
311,349,2020-01-15 20:43:57.202000,0,0.0
311,287,2020-01-15 20:42:34.305000,0,0.0
311,846,2020-01-15 21:12:31.340000,0,0.0
24,541,2020-01-12 17:37:18.591000,0,0.0
24,943,2020-01-12 17:11:57.401000,0,218.0
35,221,2019-08-03 17:21:20.249000,0,0.0
35,573,2019-08-03 17:41:35.383000,0,0.0
35,519,2019-08-03 17:42:24.011000,0,0.0
35,818,2019-08-03 17:21:44.995000,0,0.0
35,613,2019-08-03 17:42:42.503000,0,208.0
64,986,2020-02-27 07:24:53.796000,0,14.0
64,1045,2020-02-27 07:23:32.754000,0,0.0
50,372,0,0,0.0
50,742,0,0,13.0
50,576,0,0,0.0
216,450,2020-02-26 14:54:34.898000,2020-02-26 14:46:50,0.0
216,635,2020-02-26 14:59:18.831000,2020-02-26 14:46:50,0.0
216,722,2020-02-26 15:45:56.626000,2020-02-26 14:46:50,0.0
216,661,2020-02-26 15:01:32.181000,2020-02-26 14:46:50,0.0
216,939,2020-02-26 15:44:59.253000,2020-02-26 14:46:50,0.0
216,936,2020-02-26 15:01:18.658000,2020-02-26 14:46:50,0.0
216,884,2020-02-26 15:46:43.580000,2020-02-26 14:46:50,0.0
216,227,2020-02-26 14:47:36.771000,2020-02-26 14:46:50,0.0
216,883,2020-02-26 15:46:57.190000,2020-02-26 14:46:50,337.0
16,374,0,2022-03-28 07:52:17,267.0
16,374,0,2022-03-28 07:52:17,0.0
321,1245,2020-02-25 07:25:35.838000,2020-02-25 07:24:40,316.0
3,1190,2019-09-13 13:13:19.693000,2019-09-13 13:13:17,290.0
97,560,2020-01-18 05:47:09.222000,2020-01-18 05:34:46,0.0
97,725,2020-01-18 05:35:46.229000,2020-01-18 05:34:46,0.0
97,557,2020-01-18 05:45:03.652000,2020-01-18 05:34:46,0.0
97,465,2020-01-18 05:41:07.560000,2020-01-18 05:34:46,0.0
97,231,2020-01-18 05:55:05.766000,2020-01-18 05:34:46,324.0
0,202,2020-01-18 06:36:23.505000,2020-01-18 06:22:33,0.0
0,854,2020-01-18 06:42:41.450000,2020-01-18 06:22:33,101.0
97,918,2020-01-18 05:44:21.014000,2020-01-18 05:34:46,0.0
97,628,2020-01-18 05:35:05.349000,2020-01-18 05:34:46,0.0
0,447,2020-01-18 06:23:05.362000,2020-01-18 06:22:33,0.0
97,380,2020-01-18 05:36:13.001000,2020-01-18 05:34:46,0.0
97,401,2020-01-18 05:41:56.354000,2020-01-18 05:34:46,0.0
97,793,2020-01-18 05:40:58.737000,2020-01-18 05:34:46,0.0
97,946,2020-01-18 05:42:34.182000,2020-01-18 05:34:46,0.0
183,1249,2019-06-30 12:24:14.495000,0,8.0
317,786,2020-02-24 11:58:36.719000,0,165.0
34,660,0,0,247.0
109,378,0,0,276.0
292,1035,0,0,129.0
201,1119,0,0,300.0
163,683,2020-02-29 08:16:34.067000,2020-02-29 08:10:52,0.0
163,683,2020-02-29 08:16:34.067000,2020-02-29 08:10:52,311.0
163,683,2020-02-29 08:16:34.067000,2020-02-29 08:10:52,0.0
318,299,0,2021-10-24 14:38:12,0.0
318,479,0,2021-10-24 14:38:12,0.0
318,247,0,2021-10-24 14:38:12,0.0
318,646,0,2021-10-24 14:38:12,0.0
318,859,0,2021-10-24 14:38:12,80.0
318,729,0,2021-10-24 14:38:12,0.0
318,238,0,2021-10-24 14:38:12,0.0
318,777,0,2021-10-24 14:38:12,0.0
318,502,0,2021-10-24 14:38:12,0.0
318,188,0,2021-10-24 14:38:12,0.0
318,427,0,2021-10-24 14:38:12,0.0
11,733,0,0,83.0
10,1194,2019-07-08 21:01:47.218000,0,31.0
10,1235,2019-07-08 20:44:59.881000,0,0.0
10,1030,2019-07-08 20:47:22.750000,0,0.0
19,118,2018-10-22 13:44:03.595000,0,0.0
19,147,2018-10-22 13:43:36.744000,0,0.0
19,118,2018-10-22 13:44:03.595000,0,0.0
19,51,2018-10-22 13:24:03.171000,0,0.0
19,1335,2018-10-22 13:37:50.546000,0,0.0
19,166,2018-10-22 13:39:18.518000,0,0.0
19,105,2018-10-22 13:15:20.285000,0,0.0
19,129,2018-10-22 13:34:04.336000,0,204.0
19,152,2018-10-22 13:41:01.104000,0,0.0
19,79,2018-10-22 13:40:19.536000,0,0.0
19,56,2018-10-22 13:40:49.916000,0,0.0
10,1207,2019-07-08 21:00:59.588000,0,0.0
19,1262,2018-10-22 13:43:50.152000,0,0.0
19,98,2018-10-22 13:42:35.915000,0,0.0
19,158,2018-10-22 13:38:49.863000,0,0.0
19,1338,2018-10-22 13:38:06.901000,0,0.0
19,153,2018-10-22 13:38:17.521000,0,0.0
19,1292,2018-10-22 13:31:53.723000,0,0.0
19,1334,2018-10-22 13:39:52.345000,0,0.0
10,1018,2019-07-08 20:58:43.356000,0,0.0
19,176,2018-10-22 13:43:52.521000,0,0.0
19,1328,2018-10-22 13:33:21.512000,0,0.0
19,1299,2018-10-22 13:31:32.991000,0,0.0
5,974,0,2022-01-05 21:42:38,169.0
19,1272,2018-10-22 13:28:50.504000,0,0.0
19,123,2018-10-22 13:31:39.601000,0,0.0
19,96,2018-10-22 13:31:46.167000,0,0.0
19,1336,2018-10-22 13:40:03.753000,0,0.0
19,164,2018-10-22 13:40:45.932000,0,0.0
19,67,2018-10-22 13:42:16.525000,0,0.0
19,1297,2018-10-22 13:43:00.083000,0,0.0
19,1289,2018-10-22 13:39:32.999000,0,0.0
5,974,0,2022-01-05 21:42:38,169.0
19,1345,2018-10-22 13:42:49.265000,0,0.0
19,41,2018-10-22 13:43:17.628000,0,0.0
19,185,2018-10-22 13:41:51.133000,0,0.0
225,813,0,2021-10-28 11:10:34,102.0
225,488,0,2021-10-28 11:10:34,0.0
225,258,0,2021-10-28 11:10:34,0.0
225,900,0,2021-10-28 11:10:34,0.0
10,1212,2019-07-08 20:42:53.203000,0,0.0
10,1037,2019-07-08 20:43:05.777000,0,0.0
10,1231,2019-07-08 20:44:15.376000,0,0.0
239,942,0,0,0.0
239,343,0,0,0.0
239,558,0,0,0.0
239,824,0,0,0.0
239,370,0,0,0.0
239,785,0,0,0.0
239,198,0,0,0.0
239,535,0,0,0.0
239,612,0,0,0.0
239,691,0,0,0.0
239,366,0,0,0.0
239,539,0,0,319.0
239,597,0,0,0.0
102,75,2018-10-20 16:34:22.763000,0,0.0
102,1251,2018-10-20 17:03:43.801000,0,0.0
102,75,2018-10-20 16:34:22.763000,0,317.0
149,261,0,2022-02-14 16:17:51,0.0
149,545,0,2022-02-14 16:17:51,228.0
102,75,2018-10-20 16:34:22.763000,0,317.0
102,18,2018-10-20 17:02:31.112000,0,0.0
102,14,2018-10-20 16:50:54.263000,0,0.0
102,1281,2018-10-20 17:03:14.393000,0,0.0
102,70,2018-10-20 17:02:45.585000,0,0.0
102,35,2018-10-20 17:00:38.241000,0,0.0
102,1294,2018-10-20 17:01:42.001000,0,0.0
102,48,2018-10-20 17:00:50.144000,0,0.0
102,174,2018-10-20 17:02:17.452000,0,0.0
102,1251,2018-10-20 17:03:43.801000,0,0.0
20,538,0,2022-06-04 16:37:04,327.0
51,890,0,0,336.0
51,632,0,0,0.0
51,890,0,0,336.0
218,286,2019-12-08 18:15:22.587000,2019-12-08 18:03:29,0.0
218,239,2019-12-08 18:06:52.440000,2019-12-08 18:03:29,0.0
218,220,2019-12-08 18:03:58.033000,2019-12-08 18:03:29,0.0
218,871,2019-12-08 19:07:57.107000,2019-12-08 18:03:29,0.0
218,636,2019-12-08 18:11:00.440000,2019-12-08 18:03:29,0.0
207,778,2019-12-08 11:17:17.709000,0,277.0
218,619,2019-12-08 18:15:47.608000,2019-12-08 18:03:29,0.0
218,756,2019-12-08 18:11:25.891000,2019-12-08 18:03:29,0.0
218,352,2019-12-08 18:16:12.264000,2019-12-08 18:03:29,9.0
206,750,2019-12-08 11:25:59.826000,0,223.0
218,732,2019-12-08 18:10:46.163000,2019-12-08 18:03:29,0.0
218,941,2019-12-08 18:08:03.338000,2019-12-08 18:03:29,0.0
218,492,2019-12-08 18:53:03.779000,2019-12-08 18:03:29,0.0
218,433,2019-12-08 18:15:04.159000,2019-12-08 18:03:29,0.0
218,330,2019-12-08 18:09:52.212000,2019-12-08 18:03:29,0.0
218,485,2019-12-08 18:07:31.474000,2019-12-08 18:03:29,0.0
96,503,0,2021-03-05 03:30:02,308.0
96,503,0,2021-03-05 03:30:02,0.0
96,503,0,2021-03-05 03:30:02,0.0
80,901,0,0,285.0
134,564,0,0,328.0
134,509,0,0,286.0
134,421,0,0,0.0
80,901,0,0,285.0
134,564,0,0,328.0
134,925,0,0,0.0
164,537,0,0,50.0
27,583,0,0,0.0
27,435,0,0,18.0
28,498,0,0,162.0
28,588,0,0,0.0
220,865,0,0,5.0
243,1221,0,0,314.0
164,537,0,0,50.0
27,567,0,0,194.0
59,616,0,2021-04-13 15:49:22,0.0
59,647,0,2021-04-13 15:49:22,241.0
59,845,0,2021-04-13 15:49:22,0.0
59,800,0,2021-04-13 15:49:22,0.0
59,462,0,2021-04-13 15:49:22,0.0
59,617,0,2021-04-13 15:49:22,0.0
59,764,0,2021-04-13 15:49:22,0.0
59,748,0,2021-04-13 15:49:22,0.0
203,486,0,0,139.0
105,945,2019-12-07 15:33:34.972000,2019-12-07 15:32:28,0.0
105,794,2019-12-07 15:37:18.524000,2019-12-07 15:32:28,0.0
105,387,2019-12-07 15:49:38.630000,2019-12-07 15:32:28,0.0
105,387,2019-12-07 15:49:38.630000,2019-12-07 15:32:28,211.0
86,442,0,2021-08-04 08:33:46,325.0
105,795,2019-12-07 16:08:42.450000,2019-12-07 15:32:28,0.0
105,387,2019-12-07 15:49:38.630000,2019-12-07 15:32:28,0.0
131,803,0,0,132.0
172,938,0,2021-09-12 16:59:50,334.0
172,708,0,2021-09-12 16:59:50,0.0
130,664,0,2021-04-15 05:40:46,87.0
266,476,0,2021-04-15 12:07:29,333.0
266,454,0,2021-04-15 12:07:29,0.0
266,740,0,2021-04-15 12:07:29,0.0
187,774,0,0,143.0
186,767,0,0,0.0
186,361,0,0,161.0
136,350,2019-11-07 14:34:09.154000,2019-11-07 14:33:46,187.0
148,688,0,2021-09-02 07:14:52,0.0
148,637,0,2021-09-02 07:14:52,0.0
148,301,0,2021-09-02 07:14:52,0.0
148,455,0,2021-09-02 07:14:52,0.0
148,241,0,2021-09-02 07:14:52,217.0
304,834,2019-12-13 11:27:06.224000,2019-12-13 11:26:50,0.0
22,975,2019-12-13 18:47:12.962000,2019-12-13 18:05:41,0.0
22,1139,2019-12-13 18:51:53.996000,2019-12-13 18:05:41,0.0
22,1201,2019-12-13 18:07:17.979000,2019-12-13 18:05:41,0.0
304,243,2019-12-13 11:28:49.825000,2019-12-13 11:26:50,0.0
22,952,2019-12-13 18:52:12.648000,2019-12-13 18:05:41,256.0
22,1167,2019-12-13 18:08:28.760000,2019-12-13 18:05:41,0.0
304,536,2019-12-13 11:51:38.153000,2019-12-13 11:26:50,0.0
304,353,2019-12-13 11:55:08.873000,2019-12-13 11:26:50,246.0
22,1172,2019-12-13 18:08:42.075000,2019-12-13 18:05:41,0.0
291,1248,0,0,0.0
22,1060,2019-12-13 18:06:23.048000,2019-12-13 18:05:41,0.0
54,1246,0,0,44.0
291,1248,0,0,0.0
291,1247,0,0,232.0
22,1186,2019-12-13 18:47:24.631000,2019-12-13 18:05:41,0.0
22,1152,2019-12-13 18:07:01.761000,2019-12-13 18:05:41,0.0
148,606,0,2021-09-02 07:14:52,0.0
257,45,2018-09-04 16:36:30.025000,0,0.0
257,54,2018-09-04 16:37:46.035000,0,109.0
257,124,2018-09-04 16:36:49.396000,0,0.0
179,388,2019-12-14 15:48:44.428000,2019-12-14 14:47:51,0.0
179,321,2019-12-14 15:22:27.826000,2019-12-14 14:47:51,0.0
179,311,2019-12-14 15:00:31.649000,2019-12-14 14:47:51,0.0
179,570,2019-12-14 15:46:20.612000,2019-12-14 14:47:51,0.0
179,275,2019-12-14 15:47:40.556000,2019-12-14 14:47:51,0.0
179,645,2019-12-14 14:49:01.462000,2019-12-14 14:47:51,0.0
179,553,2019-12-14 15:29:00.668000,2019-12-14 14:47:51,0.0
179,825,2019-12-14 15:28:36.225000,2019-12-14 14:47:51,0.0
179,760,2019-12-14 15:03:53.713000,2019-12-14 14:47:51,195.0
179,933,2019-12-14 14:52:03.510000,2019-12-14 14:47:51,0.0
179,842,2019-12-14 15:01:14.393000,2019-12-14 14:47:51,0.0
179,277,2019-12-14 15:23:20.785000,2019-12-14 14:47:51,0.0
179,760,2019-12-14 15:03:53.713000,2019-12-14 14:47:51,195.0
179,192,2019-12-14 15:47:00.826000,2019-12-14 14:47:51,0.0
45,586,0,2021-09-04 02:09:49,189.0
152,817,0,0,226.0
88,233,0,0,0.0
176,947,2019-12-12 18:24:00.115000,2019-12-12 18:22:58,0.0
152,709,0,0,0.0
176,1141,2019-12-12 18:48:20.489000,2019-12-12 18:22:58,251.0
170,603,0,2020-11-08 17:22:31,97.0
170,904,0,2020-11-08 17:22:31,0.0
181,337,0,0,292.0
281,294,0,0,113.0
25,672,0,0,0.0
170,904,0,2020-11-08 17:22:31,0.0
170,747,0,2020-11-08 17:22:31,0.0
181,337,0,0,292.0
25,317,0,0,40.0
88,267,0,0,92.0
88,272,0,0,0.0
88,233,0,0,0.0
287,734,0,2020-12-14 05:35:58,77.0
287,324,0,2020-12-14 05:35:58,0.0
287,229,0,2020-12-14 05:35:58,0.0
202,186,2019-12-16 22:51:29.184000,2019-12-16 22:45:33,99.0
73,377,2019-12-16 16:07:20.820000,2019-12-16 16:06:26,0.0
166,790,0,2020-11-06 18:23:47,0.0
166,790,0,2020-11-06 18:23:47,0.0
73,365,2019-12-16 16:19:07.069000,2019-12-16 16:06:26,0.0
73,254,2019-12-16 16:43:26.925000,2019-12-16 16:06:26,51.0
73,866,2019-12-16 16:21:45.749000,2019-12-16 16:06:26,0.0
202,212,2019-12-16 22:46:23.300000,2019-12-16 22:45:33,0.0
202,483,2019-12-16 22:49:58.466000,2019-12-16 22:45:33,0.0
73,392,2019-12-16 16:11:20.401000,2019-12-16 16:06:26,0.0
73,891,2019-12-16 16:09:34.334000,2019-12-16 16:06:26,0.0
73,596,2019-12-16 16:42:51.328000,2019-12-16 16:06:26,0.0
202,656,2019-12-16 22:50:36.805000,2019-12-16 22:45:33,0.0
73,493,2019-12-16 16:10:42.333000,2019-12-16 16:06:26,0.0
307,1105,2019-11-09 14:05:41.863000,2019-11-09 13:45:12,0.0
307,1156,2019-11-09 13:45:36.209000,2019-11-09 13:45:12,287.0
228,869,0,2021-05-18 13:12:16,72.0
228,459,0,2021-05-18 13:12:16,0.0
200,819,0,0,242.0
200,344,0,0,0.0
246,731,0,0,135.0
224,1146,2019-12-17 11:16:11.925000,2019-12-17 11:16:00,39.0
40,1050,2019-12-17 09:40:07.446000,2019-12-17 09:40:02,0.0
40,1050,2019-12-17 09:40:07.446000,2019-12-17 09:40:02,0.0
40,954,2019-12-17 11:07:13.755000,2019-12-17 09:40:02,168.0
40,1108,2019-12-17 10:40:31.131000,2019-12-17 09:40:02,0.0
40,1108,2019-12-17 10:40:31.131000,2019-12-17 09:40:02,0.0
33,382,0,0,0.0
33,768,0,0,0.0
33,320,0,0,306.0
189,531,0,0,0.0
189,873,0,0,0.0
272,194,0,0,0.0
272,533,0,0,0.0
272,524,0,0,182.0
189,589,0,0,0.0
272,634,0,0,0.0
189,615,0,0,107.0
189,921,0,0,0.0
235,976,2020-01-01 18:31:24.570000,2020-01-01 18:31:12,0.0
235,1171,2020-01-01 18:33:06.809000,2020-01-01 18:31:12,295.0
153,910,0,0,166.0
217,407,2019-09-23 10:10:35.402000,0,0.0
217,308,2019-09-23 10:27:59.490000,0,60.0
217,707,2019-09-23 10:27:41.438000,0,0.0
217,908,2019-09-23 10:10:23.759000,0,0.0
217,242,2019-09-23 10:13:17.260000,0,0.0
217,754,2019-09-23 10:26:55.365000,0,0.0
217,303,2019-09-23 10:19:13.409000,0,0.0
217,340,2019-09-23 10:18:13.367000,0,0.0
217,191,2019-09-23 10:11:36.126000,0,0.0
217,242,2019-09-23 10:13:17.260000,0,0.0
217,205,2019-09-23 10:16:28.704000,0,0.0
217,471,2019-09-23 10:12:30.131000,0,0.0
217,888,2019-09-23 10:20:30.812000,0,0.0
61,1358,2018-11-23 18:49:49.248000,0,0.0
61,1346,2018-11-23 19:05:10.785000,0,19.0
178,1315,2018-11-23 18:10:18.592000,0,24.0
61,1278,2018-11-23 19:04:32.722000,0,0.0
61,1346,2018-11-23 19:05:10.785000,0,0.0
178,1315,2018-11-23 18:10:18.592000,0,0.0
178,19,2018-11-23 18:06:52.772000,0,0.0
129,319,2020-02-13 08:53:55.457000,2020-02-13 08:50:24,0.0
303,1243,2020-02-13 13:09:23.052000,2020-02-13 13:03:36,0.0
129,319,2020-02-13 08:53:55.457000,2020-02-13 08:50:24,0.0
182,751,2020-01-06 21:08:23.428000,2020-01-06 21:07:29,0.0
182,751,2020-01-06 21:08:23.428000,2020-01-06 21:07:29,15.0
129,319,2020-02-13 08:53:55.457000,2020-02-13 08:50:24,305.0
303,970,2020-02-13 13:10:19.832000,2020-02-13 13:03:36,224.0
268,687,2020-01-06 20:49:19.340000,0,42.0
268,298,2020-01-06 20:41:50.963000,0,0.0
129,666,2020-02-13 08:53:09.331000,2020-02-13 08:50:24,0.0
129,694,2020-02-13 08:51:00.690000,2020-02-13 08:50:24,0.0
303,1049,2020-02-13 13:09:36.363000,2020-02-13 13:03:36,0.0
208,799,2020-02-13 18:03:52.975000,0,299.0
159,139,2018-10-17 18:46:50.806000,0,0.0
159,101,2018-10-17 18:47:24.324000,0,0.0
159,133,2018-10-17 18:40:40.947000,0,0.0
159,1282,2018-10-17 18:43:07.534000,0,0.0
159,50,2018-10-17 18:37:00.575000,0,160.0
159,81,2018-10-17 18:40:24.925000,0,0.0
159,101,2018-10-17 18:47:24.324000,0,0.0
234,240,2020-02-11 10:48:39.923000,0,0.0
294,457,2020-02-11 14:39:56.033000,2020-02-11 14:39:43,86.0
234,394,2020-02-11 10:46:32.526000,0,0.0
234,775,2020-02-11 10:46:18.425000,0,0.0
234,195,2020-02-11 11:07:33.658000,0,321.0
53,416,2020-02-11 05:38:30.061000,0,280.0
330,622,2020-01-05 22:11:19.021000,0,0.0
330,710,2020-01-05 22:03:56.241000,0,0.0
14,309,0,0,136.0
14,863,0,0,0.0
14,313,0,0,0.0
330,490,2020-01-05 22:40:53.398000,0,301.0
14,347,0,0,0.0
60,766,2019-12-10 19:43:18.584000,2019-12-10 19:33:18,0.0
60,726,2019-12-10 19:38:32.219000,2019-12-10 19:33:18,0.0
60,657,2019-12-10 19:55:33.543000,2019-12-10 19:33:18,0.0
60,487,2019-12-10 20:25:17.048000,2019-12-10 19:33:18,118.0
60,917,2019-12-10 20:29:11.304000,2019-12-10 19:33:18,0.0
60,828,2019-12-10 20:08:51.840000,2019-12-10 19:33:18,0.0
60,1166,2019-12-10 19:33:16.365000,2019-12-10 19:33:18,0.0
101,36,2018-10-18 16:07:39.652000,0,264.0
101,109,2018-10-18 16:12:58.513000,0,0.0
180,1314,2018-10-14 14:59:34.105000,0,0.0
305,587,0,0,64.0
316,973,2020-02-10 05:42:13.450000,2020-02-10 05:41:14,0.0
316,1085,2020-02-10 05:43:20.193000,2020-02-10 05:41:14,0.0
180,89,2018-10-14 14:38:13.729000,0,220.0
94,1265,2018-10-14 14:53:32.569000,0,214.0
180,97,2018-10-14 15:00:42.558000,0,0.0
180,93,2018-10-14 15:00:41.026000,0,0.0
36,584,2020-02-10 15:14:16.610000,2020-02-10 15:08:50,197.0
316,1097,2020-02-10 05:50:44.359000,2020-02-10 05:41:14,253.0
36,345,2020-02-10 15:09:06.159000,2020-02-10 15:08:50,0.0
316,1085,2020-02-10 05:43:20.193000,2020-02-10 05:41:14,0.0
180,100,2018-10-14 15:00:00.606000,0,0.0
316,948,2020-02-10 05:41:43.930000,2020-02-10 05:41:14,0.0
94,1265,2018-10-14 14:53:32.569000,0,214.0
192,111,2018-11-21 13:52:32.562000,2018-11-21 13:48:26,309.0
192,49,2018-11-21 13:49:44.240000,2018-11-21 13:48:26,0.0
146,94,2018-11-21 07:31:59.853000,2018-11-21 07:30:07,0.0
146,1330,2018-11-21 07:46:29.473000,2018-11-21 07:30:07,0.0
146,57,2018-11-21 07:33:32.681000,2018-11-21 07:30:07,0.0
146,43,2018-11-21 07:36:34.692000,2018-11-21 07:30:07,0.0
192,1274,2018-11-21 13:52:03.726000,2018-11-21 13:48:26,0.0
146,1355,2018-11-21 07:54:51.547000,2018-11-21 07:30:07,0.0
146,116,2018-11-21 07:55:46.646000,2018-11-21 07:30:07,0.0
146,116,2018-11-21 07:55:46.646000,2018-11-21 07:30:07,0.0
146,17,2018-11-21 07:32:50.566000,2018-11-21 07:30:07,0.0
146,1348,2018-11-21 07:33:58.360000,2018-11-21 07:30:07,0.0
146,1333,2018-11-21 07:48:07.323000,2018-11-21 07:30:07,0.0
146,140,2018-11-21 07:35:07.134000,2018-11-21 07:30:07,0.0
146,60,2018-11-21 07:35:36.733000,2018-11-21 07:30:07,0.0
146,26,2018-11-21 07:30:19.470000,2018-11-21 07:30:07,0.0
146,1304,2018-11-21 08:15:39.448000,2018-11-21 07:30:07,156.0
192,1267,2018-11-21 13:48:37.180000,2018-11-21 13:48:26,0.0
146,58,2018-11-21 07:42:46.952000,2018-11-21 07:30:07,0.0
146,121,2018-11-21 07:47:34.360000,2018-11-21 07:30:07,0.0
295,1083,0,2022-03-15 19:01:07,0.0
295,1230,0,2022-03-15 19:01:07,0.0
295,1135,0,2022-03-15 19:01:07,0.0
295,1003,0,2022-03-15 19:01:07,203.0
259,257,2020-01-04 03:20:10.614000,2020-01-04 02:31:33,126.0
259,792,2020-01-04 02:32:17.181000,2020-01-04 02:31:33,0.0
259,950,2020-01-04 02:57:12.761000,2020-01-04 02:31:33,0.0
295,1188,0,2022-03-15 19:01:07,0.0
295,1200,0,2022-03-15 19:01:07,0.0
295,1077,0,2022-03-15 19:01:07,0.0
295,1187,0,2022-03-15 19:01:07,0.0
295,963,0,2022-03-15 19:01:07,0.0
259,473,2020-01-04 02:54:10.654000,2020-01-04 02:31:33,0.0
259,436,2020-01-04 02:31:43.311000,2020-01-04 02:31:33,0.0
259,1020,2020-01-04 02:57:43.735000,2020-01-04 02:31:33,0.0
295,1192,0,2022-03-15 19:01:07,0.0
295,1195,0,2022-03-15 19:01:07,0.0
295,1102,0,2022-03-15 19:01:07,0.0
295,1031,0,2022-03-15 19:01:07,0.0
295,971,0,2022-03-15 19:01:07,0.0
295,1165,0,2022-03-15 19:01:07,0.0
295,1234,0,2022-03-15 19:01:07,0.0
295,1153,0,2022-03-15 19:01:07,0.0
295,1062,0,2022-03-15 19:01:07,0.0
259,480,2020-01-04 02:34:49.118000,2020-01-04 02:31:33,0.0
259,1020,2020-01-04 02:57:43.735000,2020-01-04 02:31:33,0.0
259,1020,2020-01-04 02:57:43.735000,2020-01-04 02:31:33,0.0
259,693,2020-01-04 02:55:02.044000,2020-01-04 02:31:33,0.0
259,668,2020-01-04 02:34:15.983000,2020-01-04 02:31:33,0.0
180,143,2018-10-14 15:00:48.529000,0,0.0
197,1185,2020-01-02 03:23:48.482000,2020-01-02 03:23:44,0.0
197,1185,2020-01-02 03:23:48.482000,2020-01-02 03:23:44,268.0
247,885,0,0,304.0
247,677,0,0,0.0
247,513,0,0,0.0
247,260,0,0,0.0
247,359,0,0,0.0
247,285,0,0,0.0
247,228,0,0,0.0
284,720,0,0,0.0
284,625,0,0,206.0
165,477,0,2021-10-21 05:42:58,0.0
247,885,0,0,0.0
247,889,0,0,0.0
284,720,0,0,0.0
284,720,0,0,0.0
326,839,2020-02-17 10:53:46.591000,2020-02-17 10:53:29,0.0
326,704,2020-02-17 11:56:44.065000,2020-02-17 10:53:29,0.0
326,314,2020-02-17 11:57:07.088000,2020-02-17 10:53:29,0.0
326,516,2020-02-17 10:55:46.812000,2020-02-17 10:53:29,0.0
326,593,2020-02-17 11:54:21.343000,2020-02-17 10:53:29,0.0
326,811,2020-02-17 11:55:50.006000,2020-02-17 10:53:29,0.0
326,495,2020-02-17 11:25:37.631000,2020-02-17 10:53:29,0.0
326,419,2020-02-17 11:58:04.840000,2020-02-17 10:53:29,0.0
326,655,2020-02-17 11:00:46.028000,2020-02-17 10:53:29,266.0
326,371,2020-02-17 11:54:49.938000,2020-02-17 10:53:29,0.0
326,282,2020-02-17 11:59:13.301000,2020-02-17 10:53:29,0.0
67,52,2018-10-13 11:16:27.735000,0,70.0
67,138,2018-10-13 11:38:20.845000,0,0.0
67,159,2018-10-13 11:35:03.601000,0,0.0
67,107,2018-10-13 11:36:02.361000,0,0.0
67,108,2018-10-13 11:44:06.850000,0,0.0
67,145,2018-10-13 11:36:10.271000,0,0.0
67,42,2018-10-13 11:35:43.488000,0,0.0
30,290,0,0,255.0
165,437,0,2021-10-21 05:42:58,172.0
251,978,2020-03-21 06:38:49.374000,0,37.0
119,1091,0,2022-03-11 20:40:33,41.0
119,988,0,2022-03-11 20:40:33,0.0
256,868,2020-02-15 16:10:41.135000,2020-02-15 14:29:45,0.0
9,478,2020-02-15 07:23:00.386000,0,235.0
9,856,2020-02-15 07:26:34.928000,0,0.0
256,376,2020-02-15 15:56:29.698000,2020-02-15 14:29:45,0.0
256,830,2020-02-15 15:50:48.292000,2020-02-15 14:29:45,0.0
256,849,2020-02-15 16:00:32.280000,2020-02-15 14:29:45,0.0
256,259,2020-02-15 16:00:23.802000,2020-02-15 14:29:45,0.0
256,701,2020-02-15 14:30:09.449000,2020-02-15 14:29:45,0.0
256,796,2020-02-15 16:10:13.804000,2020-02-15 14:29:45,0.0
256,284,2020-02-15 14:31:22.690000,2020-02-15 14:29:45,0.0
256,441,2020-02-15 15:41:44.523000,2020-02-15 14:29:45,0.0
256,284,2020-02-15 14:31:22.690000,2020-02-15 14:29:45,205.0
264,393,0,2021-10-10 12:45:16,257.0
262,525,0,0,335.0
262,341,0,0,0.0
262,256,0,0,0.0
262,887,0,0,0.0
323,424,2020-03-20 09:47:53.694000,0,0.0
323,568,2020-03-20 09:50:17.017000,0,225.0
323,568,2020-03-20 09:50:17.017000,0,225.0
53,408,0,0,0.0
226,363,0,2022-07-01 08:22:54,0.0
226,409,0,2022-07-01 08:22:54,0.0
118,92,2018-10-11 13:38:00.265000,0,0.0
118,62,2018-10-11 13:55:49.230000,0,0.0
118,181,2018-10-11 12:50:03.563000,0,0.0
118,40,2018-10-11 13:46:46.024000,0,0.0
118,1287,2018-10-11 13:19:27.336000,0,0.0
226,745,0,2022-07-01 08:22:54,0.0
118,69,2018-10-11 13:33:01.681000,0,0.0
118,1270,2018-10-11 12:56:23.733000,0,0.0
118,1255,2018-10-11 15:09:47.828000,0,0.0
118,20,2018-10-11 13:33:36.803000,0,0.0
118,10,2018-10-11 13:53:45.209000,0,0.0
118,1276,2018-10-11 14:53:34.161000,0,0.0
118,1268,2018-10-11 14:42:54.862000,0,0.0
118,55,2018-10-11 13:10:39.747000,0,0.0
118,38,2018-10-11 15:09:15.215000,0,0.0
118,120,2018-10-11 13:27:33.836000,0,0.0
118,126,2018-10-11 12:52:44.282000,0,0.0
118,11,2018-10-11 13:42:16.536000,0,0.0
118,84,2018-10-11 13:08:26.107000,0,0.0
118,30,2018-10-11 14:05:20.610000,0,0.0
118,1332,2018-10-11 14:33:35.885000,0,0.0
118,102,2018-10-11 13:46:05.313000,0,0.0
118,128,2018-10-11 13:04:59.069000,0,0.0
118,146,2018-10-11 13:42:58.115000,0,0.0
118,1312,2018-10-11 13:29:41.602000,0,0.0
118,1254,2018-10-11 13:37:30.884000,0,0.0
118,141,2018-10-11 15:14:12.956000,0,0.0
118,1354,2018-10-11 15:11:04.249000,0,0.0
118,71,2018-10-11 14:05:09.102000,0,0.0
118,9,2018-10-11 13:28:25.243000,0,0.0
118,173,2018-10-11 15:09:07.343000,0,0.0
118,90,2018-10-11 15:14:08.742000,0,0.0
118,29,2018-10-11 13:24:50.501000,0,0.0
118,1283,2018-10-11 13:33:50.513000,0,0.0
118,160,2018-10-11 13:08:53.298000,0,0.0
118,162,2018-10-11 12:52:52.497000,0,0.0
118,165,2018-10-11 13:34:47.407000,0,0.0
118,1266,2018-10-11 13:54:01.321000,0,0.0
118,1307,2018-10-11 15:20:46.539000,0,0.0
118,114,2018-10-11 13:10:02.717000,0,0.0
118,1309,2018-10-11 13:04:42.542000,0,0.0
118,76,2018-10-11 13:21:20.668000,0,0.0
118,1319,2018-10-11 15:10:43.493000,0,0.0
118,1263,2018-10-11 13:03:20.478000,0,0.0
118,177,2018-10-11 13:12:28.749000,0,0.0
118,1311,2018-10-11 13:17:09.569000,0,0.0
118,115,2018-10-11 12:53:25.768000,0,0.0
118,1331,2018-10-11 13:03:10.518000,0,0.0
118,144,2018-10-11 12:58:06.464000,0,0.0
118,1284,2018-10-11 13:44:07.576000,0,0.0
118,117,2018-10-11 13:09:46.814000,0,0.0
118,148,2018-10-11 13:25:38.285000,0,0.0
118,3,2018-10-11 15:27:02.646000,0,0.0
118,87,2018-10-11 13:03:54.990000,0,0.0
118,6,2018-10-11 14:09:37.163000,0,0.0
118,99,2018-10-11 14:59:52.176000,0,0.0
118,30,2018-10-11 14:05:20.610000,0,131.0
58,644,2020-02-14 14:40:55.069000,2020-02-14 14:40:25,0.0
315,187,2020-02-14 12:14:45.487000,2020-02-14 12:13:48,0.0
118,13,2018-10-11 13:01:13.323000,0,0.0
118,74,2018-10-11 12:38:27.210000,0,0.0
118,103,2018-10-11 12:38:42.146000,0,0.0
118,1290,2018-10-11 13:35:17.698000,0,0.0
118,1357,2018-10-11 13:35:04.558000,0,0.0
118,22,2018-10-11 14:02:20.371000,0,0.0
118,1347,2018-10-11 14:04:41.645000,0,0.0
118,132,2018-10-11 12:51:12.664000,0,0.0
118,95,2018-10-11 13:51:51.434000,0,0.0
118,85,2018-10-11 13:50:24.981000,0,0.0
118,135,2018-10-11 15:13:21.212000,0,0.0
118,2,2018-10-11 12:50:56.458000,0,0.0
118,23,2018-10-11 14:49:50.427000,0,0.0
118,110,2018-10-11 13:55:23.762000,0,0.0
37,705,2020-02-14 17:00:05.939000,0,112.0
58,738,2020-02-14 14:41:57.711000,2020-02-14 14:40:25,33.0
226,409,0,2022-07-01 08:22:54,260.0
315,187,2020-02-14 12:14:45.487000,2020-02-14 12:13:48,0.0
315,187,2020-02-14 12:14:45.487000,2020-02-14 12:13:48,238.0
138,903,0,2021-10-11 04:48:10,56.0
37,418,2020-02-14 16:56:09.783000,0,0.0
58,837,2020-02-14 14:41:30.881000,2020-02-14 14:40:25,0.0
320,836,2020-01-07 19:26:43.222000,0,0.0
320,547,2020-01-07 19:18:28.947000,0,245.0
320,534,2020-01-07 19:27:58.396000,0,0.0
85,1024,2020-02-19 21:15:30.739000,0,0.0
85,1054,2020-02-19 22:03:12.624000,0,0.0
85,1104,2020-02-19 21:25:44.390000,0,0.0
85,1143,2020-02-19 21:17:15.030000,0,0.0
85,1080,2020-02-19 21:36:11.824000,0,0.0
85,1029,2020-02-19 22:02:46.878000,0,0.0
85,1150,2020-02-19 21:42:31.148000,0,0.0
85,1236,2020-02-19 21:18:29.987000,0,0.0
85,1210,2020-02-19 22:03:56.007000,0,128.0
85,1173,2020-02-19 22:03:39.531000,0,0.0
85,1040,2020-02-19 21:26:02.520000,0,0.0
85,1103,2020-02-19 21:23:35.942000,0,0.0
85,1136,2020-02-19 21:26:40.785000,0,0.0
85,1086,2020-02-19 21:21:42.780000,0,0.0
85,1184,2020-02-19 21:10:20.694000,0,0.0
219,686,0,2021-10-14 09:01:21,0.0
219,443,0,2021-10-14 09:01:21,0.0
219,649,0,2021-10-14 09:01:21,0.0
219,649,0,2021-10-14 09:01:21,49.0
219,892,0,2021-10-14 09:01:21,0.0
219,206,0,2021-10-14 09:01:21,0.0
244,423,0,2020-06-08 18:53:51,17.0
65,234,0,2021-10-16 07:50:51,0.0
65,234,0,2021-10-16 07:50:51,212.0
195,611,0,2020-10-02 10:12:32,178.0
195,434,0,2020-10-02 10:12:32,0.0
327,1052,0,0,221.0
327,1052,0,0,221.0
122,893,0,2021-12-31 09:03:43,0.0
122,307,0,2021-12-31 09:03:43,63.0
122,307,0,2021-12-31 09:03:43,63.0
122,307,0,2021-12-31 09:03:43,0.0
122,224,0,2021-12-31 09:03:43,0.0
122,518,0,2021-12-31 09:03:43,0.0
122,780,0,2021-12-31 09:03:43,0.0
68,1324,2019-01-03 17:30:24.570000,0,36.0
68,1305,2019-01-03 17:29:04.755000,0,0.0
68,1324,2019-01-03 17:30:24.570000,0,0.0
68,1324,2019-01-03 17:30:24.570000,0,36.0
68,1322,2019-01-03 17:28:41.001000,0,0.0
84,779,0,2021-11-27 16:24:06,140.0
115,1163,0,2021-11-28 12:46:42,263.0
209,919,0,2020-11-13 18:34:41,138.0
319,266,0,2020-11-12 14:35:13,0.0
319,680,0,2020-11-12 14:35:13,66.0
319,431,0,2020-11-12 14:35:13,0.0
319,680,0,2020-11-12 14:35:13,0.0
319,323,0,2020-11-12 14:35:13,0.0
319,581,0,2020-11-12 14:35:13,0.0
147,759,0,0,0.0
147,543,0,0,0.0
147,706,0,0,0.0
147,306,0,0,0.0
147,293,0,0,0.0
147,425,0,0,0.0
147,197,0,0,0.0
147,876,0,0,0.0
188,360,0,0,170.0
253,739,0,2022-05-25 11:36:18,0.0
253,322,0,2022-05-25 11:36:18,0.0
253,812,0,2022-05-25 11:36:18,0.0
253,395,0,2022-05-25 11:36:18,0.0
253,262,0,2022-05-25 11:36:18,0.0
253,821,0,2022-05-25 11:36:18,25.0
253,474,0,2022-05-25 11:36:18,0.0
253,268,0,2022-05-25 11:36:18,0.0
253,618,0,2022-05-25 11:36:18,0.0
253,223,0,2022-05-25 11:36:18,0.0
82,540,0,2022-04-18 14:58:17,175.0
168,1205,0,2022-04-18 17:22:17,0.0
82,540,0,2022-04-18 14:58:17,0.0
168,1205,0,2022-04-18 17:22:17,57.0
82,671,0,2022-04-18 14:58:17,0.0
147,484,2019-12-29 12:19:40.467000,0,0.0
147,415,2019-12-29 12:25:24.351000,0,0.0
147,912,2019-12-29 12:41:57.873000,0,213.0
82,540,0,2022-04-18 14:58:17,0.0
31,1002,2019-12-26 00:50:12.307000,0,0.0
31,1014,2019-12-25 23:17:01.059000,0,0.0
31,1036,2019-12-25 23:47:38.488000,0,0.0
31,1073,2019-12-25 23:41:29.987000,0,0.0
31,969,2019-12-25 23:12:07.344000,0,0.0
31,955,2019-12-25 23:12:24.229000,0,0.0
31,1132,2019-12-25 23:47:15.959000,0,0.0
31,1177,2019-12-26 00:14:39.632000,0,0.0
31,1145,2019-12-25 23:38:52.999000,0,0.0
31,1106,2019-12-25 23:25:55.989000,0,0.0
31,1132,2019-12-25 23:47:15.959000,0,0.0
31,989,2019-12-25 23:17:41.867000,0,0.0
31,1057,2019-12-25 23:00:37.373000,0,0.0
31,1099,2019-12-26 00:19:58.177000,0,0.0
31,999,2019-12-25 23:34:56.570000,0,0.0
31,1039,2019-12-25 23:54:21.762000,0,0.0
31,969,2019-12-25 23:12:07.344000,0,0.0
31,1142,2019-12-26 00:50:33.390000,0,0.0
31,1203,2019-12-25 23:27:07.172000,0,0.0
31,1055,2019-12-25 23:40:22.420000,0,0.0
31,1178,2019-12-26 00:23:11.305000,0,0.0
31,1157,2019-12-26 00:19:40.583000,0,0.0
31,1115,2019-12-25 23:26:12.587000,0,0.0
31,1225,2019-12-26 00:21:04.686000,0,0.0
31,1127,2019-12-26 00:35:07.679000,0,0.0
31,1241,2019-12-25 23:31:54.080000,0,0.0
31,958,2019-12-26 00:52:16.436000,0,91.0
237,28,2018-12-25 13:54:09.646000,0,0.0
237,1259,2018-12-25 14:21:52.693000,0,0.0
237,136,2018-12-25 13:49:54.647000,0,0.0
237,1301,2018-12-25 13:35:31.828000,0,0.0
237,63,2018-12-25 14:28:05.491000,0,0.0
237,24,2018-12-25 13:52:31.812000,0,0.0
237,1293,2018-12-25 13:38:36.315000,0,307.0
237,21,2018-12-25 13:51:51.209000,0,0.0
237,127,2018-12-25 13:50:09.742000,0,0.0
237,1298,2018-12-25 13:50:09.038000,0,0.0
237,73,2018-12-25 14:27:39.690000,0,0.0
237,1293,2018-12-25 13:38:36.315000,0,307.0
237,1318,2018-12-25 13:52:17.251000,0,0.0
237,5,2018-12-25 13:53:00.686000,0,0.0
237,1273,2018-12-25 13:37:33.944000,0,0.0
237,1350,2018-12-25 13:34:54.367000,0,0.0
237,1343,2018-12-25 13:53:29.949000,0,0.0
237,1269,2018-12-25 13:52:17.122000,0,0.0
238,1144,0,2022-05-22 09:03:56,0.0
238,991,0,2022-05-22 09:03:56,61.0
114,1327,2018-10-09 17:54:44.900000,0,315.0
114,1353,2018-10-09 17:51:15.268000,0,0.0
297,137,2018-10-09 20:42:03.446000,0,0.0
297,1352,2018-10-09 20:30:16.359000,0,84.0
214,80,2018-11-16 17:49:16.337000,2018-11-16 17:35:28,0.0
81,1271,2018-11-16 18:41:38.707000,0,201.0
214,182,2018-11-16 18:50:01.569000,2018-11-16 17:35:28,73.0
214,163,2018-11-16 18:37:07.309000,2018-11-16 17:35:28,0.0
214,61,2018-11-16 17:36:08.382000,2018-11-16 17:35:28,0.0
288,1095,0,2022-03-09 22:07:08,0.0
214,106,2018-11-16 18:03:30.543000,2018-11-16 17:35:28,0.0
81,16,2018-11-16 18:41:38.673000,0,0.0
214,106,2018-11-16 18:03:30.543000,2018-11-16 17:35:28,0.0
81,175,2018-11-16 18:41:38.492000,0,0.0
288,1196,0,2022-03-09 22:07:08,10.0
271,565,0,0,329.0
271,744,0,0,0.0
271,325,0,0,0.0
288,1041,0,2022-03-09 22:07:08,0.0
288,1215,0,2022-03-09 22:07:08,0.0
83,157,2018-10-06 14:04:47.364000,0,0.0
314,1264,2018-10-06 01:59:09.647000,2018-10-06 01:53:04,0.0
158,1300,2018-10-06 12:34:20.269000,0,0.0
158,83,2018-10-06 12:34:45.116000,0,0.0
158,1256,2018-10-06 12:31:18.537000,0,0.0
158,149,2018-10-06 12:33:56.839000,0,0.0
83,157,2018-10-06 14:04:47.364000,0,310.0
158,1303,2018-10-06 12:36:30.871000,0,0.0
314,1320,2018-10-06 01:57:57.842000,2018-10-06 01:53:04,0.0
18,1326,2018-11-17 15:49:07.561000,2018-11-17 15:48:39,294.0
314,1279,2018-10-06 02:00:46.388000,2018-10-06 01:53:04,293.0
158,1329,2018-10-06 12:28:02.687000,0,111.0
158,184,2018-10-06 12:35:04.485000,0,0.0
260,600,2019-10-06 09:53:34.674000,2019-10-06 09:34:19,16.0
260,410,2019-10-06 09:38:34.115000,2019-10-06 09:34:19,0.0
260,526,2019-10-06 09:34:44.341000,2019-10-06 09:34:19,0.0
260,735,2019-10-06 09:35:23.781000,2019-10-06 09:34:19,0.0
260,702,2019-10-06 09:40:31.693000,2019-10-06 09:34:19,0.0
260,931,2019-10-06 09:37:40.488000,2019-10-06 09:34:19,0.0
260,346,2019-10-06 09:36:18.894000,2019-10-06 09:34:19,0.0
260,335,2019-10-06 09:45:06.378000,2019-10-06 09:34:19,0.0
63,1151,2019-11-12 22:41:31.038000,0,183.0
63,1216,2019-11-12 22:22:57.246000,0,0.0
63,1244,2019-11-12 22:23:55.591000,0,0.0
144,1310,2018-12-20 11:37:16.599000,0,46.0
277,464,0,0,153.0
6,305,2019-10-07 15:43:14.169000,0,137.0
39,88,2018-12-21 20:49:57.800000,2018-12-21 20:29:31,0.0
39,131,2018-12-21 20:44:12.462000,2018-12-21 20:29:31,338.0
39,122,2018-12-21 20:29:40.823000,2018-12-21 20:29:31,0.0
74,265,0,0,127.0
213,244,0,0,210.0
289,504,2019-12-20 13:30:07.587000,2019-12-20 13:29:40,0.0
104,1257,2018-10-08 16:44:37.158000,0,94.0
296,1219,2019-12-20 15:53:24.883000,2019-12-20 15:52:51,236.0
104,1257,2018-10-08 16:44:37.158000,0,0.0
72,1214,2019-12-20 02:35:49.115000,2019-12-20 02:35:22,179.0
289,920,2019-12-20 13:32:53.573000,2019-12-20 13:29:40,288.0
123,1009,0,2022-03-04 10:58:51,149.0
104,1257,2018-10-08 16:44:37.158000,0,0.0
290,134,2018-10-04 15:17:22.191000,0,0.0
290,0,2018-10-04 15:17:39.490000,0,0.0
290,65,2018-10-04 15:30:22.993000,0,0.0
290,86,2018-10-04 15:31:29.732000,0,0.0
290,1260,2018-10-04 15:47:16.250000,0,0.0
290,1285,2018-10-04 15:33:15.956000,0,0.0
290,12,2018-10-04 15:20:42.040000,0,0.0
290,1321,2018-10-04 15:16:46.194000,0,0.0
290,1296,2018-10-04 15:20:29.567000,0,0.0
290,168,2018-10-04 14:06:42.931000,0,0.0
233,1349,2018-10-04 07:02:59.415000,0,0.0
290,1,2018-10-04 14:26:19.811000,0,0.0
252,864,0,2020-12-03 10:14:07,53.0
290,150,2018-10-04 15:15:50.105000,0,0.0
290,1,2018-10-04 14:26:19.811000,0,0.0
233,1258,2018-10-04 06:53:29.723000,0,134.0
290,47,2018-10-04 15:32:20.445000,0,0.0
290,33,2018-10-04 15:06:16.360000,0,104.0
290,15,2018-10-04 15:02:45.034000,0,0.0
290,113,2018-10-04 15:36:14.535000,0,0.0
290,119,2018-10-04 15:17:48.831000,0,0.0
290,1337,2018-10-04 15:17:17.991000,0,0.0
290,1275,2018-10-04 15:36:54.447000,0,0.0
290,1,2018-10-04 14:26:19.811000,0,0.0
290,180,2018-10-04 15:16:06.699000,0,0.0
290,183,2018-10-04 15:32:42.635000,0,0.0
290,171,2018-10-04 15:17:04.576000,0,0.0
290,1356,2018-10-04 15:36:39.787000,0,0.0
290,172,2018-10-04 14:04:45.180000,0,0.0
290,1288,2018-10-04 14:06:21.034000,0,0.0
290,1280,2018-10-04 15:11:49.347000,0,59.0
177,1359,0,0,0.0
92,208,2019-10-03 09:05:13.807000,0,298.0
79,281,0,2021-03-31 14:21:33,0.0
79,659,0,2021-03-31 14:21:33,0.0
79,398,0,2021-03-31 14:21:33,0.0
79,466,0,2021-03-31 14:21:33,0.0
79,867,0,2021-03-31 14:21:33,0.0
79,336,0,2021-03-31 14:21:33,85.0
79,217,0,2021-03-31 14:21:33,0.0
79,665,0,2021-03-31 14:21:33,0.0
301,682,0,2021-02-25 05:28:10,0.0
301,271,0,2021-02-25 05:28:10,0.0
301,577,0,2021-02-25 05:28:10,0.0
301,300,0,2021-02-25 05:28:10,0.0
301,456,0,2021-02-25 05:28:10,123.0
301,226,0,2021-02-25 05:28:10,0.0
301,226,0,2021-02-25 05:28:10,0.0
301,226,0,2021-02-25 05:28:10,0.0
301,226,0,2021-02-25 05:28:10,0.0
301,274,0,2021-02-25 05:28:10,0.0
301,832,0,2021-02-25 05:28:10,0.0
139,78,2018-11-12 13:54:32.327000,0,254.0
41,1032,2019-10-04 13:33:00.140000,0,0.0
41,1011,2019-10-04 13:31:42.275000,0,0.0
41,1004,2019-10-04 14:10:40.050000,0,0.0
41,1034,2019-10-04 13:41:55.885000,0,0.0
41,1094,2019-10-04 13:41:14.326000,0,0.0
41,1209,2019-10-04 13:41:46.569000,0,0.0
41,981,2019-10-04 13:42:23.387000,0,159.0
124,1286,2018-10-02 09:50:04.781000,0,0.0
124,82,2018-10-02 09:46:31.661000,0,0.0
124,1252,2018-10-02 09:59:30.185000,0,0.0
124,169,2018-10-02 09:59:56.701000,0,0.0
124,37,2018-10-02 09:45:51.409000,0,0.0
124,169,2018-10-02 09:59:56.701000,0,0.0
124,142,2018-10-02 09:49:41.400000,0,0.0
124,1342,2018-10-02 10:08:25.251000,0,0.0
124,77,2018-10-02 09:44:25.289000,0,0.0
124,169,2018-10-02 09:59:56.701000,0,0.0
124,72,2018-10-02 09:46:14.716000,0,0.0
124,169,2018-10-02 09:59:56.701000,0,0.0
124,169,2018-10-02 09:59:56.701000,0,0.0
124,178,2018-10-02 09:59:19.520000,0,0.0
124,59,2018-10-02 09:45:00.269000,0,0.0
199,801,0,2021-07-24 18:13:26,177.0
199,831,0,2021-07-24 18:13:26,0.0
199,771,0,2021-07-24 18:13:26,0.0
199,696,0,2021-07-24 18:13:26,0.0
199,507,0,2021-07-24 18:13:26,0.0
124,1302,2018-10-02 09:49:12.420000,0,0.0
124,27,2018-10-02 09:39:42.188000,0,21.0
124,27,2018-10-02 09:39:42.188000,0,21.0
199,304,0,2021-07-24 18:13:26,0.0
199,252,0,2021-07-24 18:13:26,0.0
199,638,0,2021-07-24 18:13:26,0.0
199,562,0,2021-07-24 18:13:26,0.0
199,827,0,2021-07-24 18:13:26,0.0
199,448,0,2021-07-24 18:13:26,0.0
103,251,2019-12-23 15:27:59.810000,0,144.0
199,831,0,2021-07-24 18:13:26,0.0
199,508,0,2021-07-24 18:13:26,0.0
199,937,0,2021-07-24 18:13:26,0.0
199,253,0,2021-07-24 18:13:26,0.0
199,264,0,2021-07-24 18:13:26,0.0
103,679,2019-12-23 15:27:45.308000,0,0.0
70,957,2019-12-23 08:29:25.975000,2019-12-23 08:09:15,0.0
227,788,0,0,133.0
70,1237,2019-12-23 08:09:18.787000,2019-12-23 08:09:15,0.0
70,956,2019-12-23 08:14:28.478000,2019-12-23 08:09:15,124.0
13,585,2019-10-08 08:34:35.488000,2019-10-08 08:34:34,330.0
325,997,2019-12-21 15:13:15.583000,2019-12-21 15:13:12,281.0
329,895,2019-11-14 21:47:12.904000,0,0.0
329,620,2019-11-14 21:49:00.871000,0,0.0
329,773,2019-11-14 21:18:04.055000,0,0.0
329,210,2019-11-14 21:48:23.173000,0,0.0
329,461,2019-11-14 21:41:29.226000,0,0.0
329,810,2019-11-14 21:50:05.008000,0,0.0
329,797,2019-11-14 21:46:49.419000,0,0.0
329,209,2019-11-14 22:21:43.197000,0,55.0
329,914,2019-11-14 21:15:28.527000,0,0.0
108,1239,2019-11-16 18:51:19.731000,2019-11-16 18:51:17,6.0
329,911,2019-11-14 21:33:21.007000,0,0.0
329,355,2019-11-14 21:52:49.028000,0,0.0
329,639,2019-11-14 21:16:41.725000,0,0.0
325,997,2019-12-21 15:13:15.583000,2019-12-21 15:13:12,281.0
329,746,2019-11-14 22:25:08.675000,0,0.0
329,752,2019-11-14 21:44:39.286000,0,0.0
329,355,2019-11-14 21:52:49.028000,0,0.0
329,355,2019-11-14 21:52:49.028000,0,0.0
329,676,2019-11-14 22:07:49.298000,0,0.0
329,189,2019-11-14 22:18:25.404000,0,0.0
329,934,2019-11-14 22:08:35.549000,0,0.0
142,653,2019-12-22 08:53:49.757000,2019-12-22 08:34:33,0.0
142,328,2019-12-22 08:34:35.986000,2019-12-22 08:34:33,88.0
137,667,2020-02-03 15:07:38.755000,0,0.0
169,968,2020-02-03 12:35:39.394000,2020-02-03 12:32:25,0.0
137,544,2020-02-03 15:08:11.648000,0,0.0
137,715,2020-02-03 14:34:04.484000,0,30.0
169,1058,2020-02-03 12:32:34.742000,2020-02-03 12:32:25,0.0
193,1117,2020-02-03 13:43:25.182000,0,151.0
137,715,2020-02-03 14:34:04.484000,0,30.0
137,289,2020-02-03 15:04:33.032000,0,0.0
169,1122,2020-02-03 12:32:26.548000,2020-02-03 12:32:25,0.0
193,1229,2020-02-03 13:54:47.278000,0,0.0
169,1081,2020-02-03 12:38:45.527000,2020-02-03 12:32:25,209.0
137,718,2020-02-03 14:58:56.999000,0,0.0
133,379,0,0,0.0
133,288,0,0,0.0
133,575,0,0,0.0
133,235,0,0,0.0
133,855,0,0,0.0
133,505,0,0,164.0
133,898,0,0,0.0
133,273,0,0,0.0
133,510,0,0,0.0
99,650,2019-07-29 11:52:03.438000,2019-07-29 11:06:26,0.0
254,1183,2019-07-29 20:24:27.608000,0,0.0
99,716,2019-07-29 11:33:30.677000,2019-07-29 11:06:26,0.0
254,1138,2019-07-29 20:26:56.500000,0,0.0
99,723,2019-07-29 11:55:23.704000,2019-07-29 11:06:26,0.0
99,684,2019-07-29 11:44:54.457000,2019-07-29 11:06:26,0.0
99,402,2019-07-29 11:51:38.286000,2019-07-29 11:06:26,0.0
99,736,2019-07-29 11:52:13.152000,2019-07-29 11:06:26,0.0
99,850,2019-07-29 11:06:52.475000,2019-07-29 11:06:26,229.0
254,1082,2019-07-29 20:23:49.215000,0,0.0
254,1071,2019-07-29 20:26:57.659000,0,216.0
66,1125,2019-10-10 19:46:16.950000,0,141.0
185,1048,2020-02-07 10:50:27.957000,0,272.0
310,953,2020-02-07 17:52:33.192000,0,173.0
62,1087,2020-02-07 17:26:38.709000,0,0.0
38,964,2020-02-07 10:24:22.073000,0,196.0
38,1042,2020-02-07 10:28:27.263000,0,0.0
38,964,2020-02-07 10:24:22.073000,0,196.0
62,1007,2020-02-07 17:25:52.785000,0,0.0
62,1242,2020-02-07 17:24:48.479000,0,0.0
62,1164,2020-02-07 17:34:37.180000,0,45.0
312,546,0,2020-08-11 16:02:20,222.0
312,806,0,2020-08-11 16:02:20,0.0
106,548,2019-10-17 21:15:03.772000,2019-10-17 21:13:56,200.0
106,598,2019-10-17 21:14:02.665000,2019-10-17 21:13:56,0.0
125,1075,2019-10-17 14:18:41.435000,0,0.0
125,1064,2019-10-17 14:19:48.501000,0,150.0
204,698,2019-12-30 05:46:54.615000,0,244.0
240,1101,2020-02-06 16:34:57.170000,0,79.0
191,1118,2020-02-06 13:49:20.546000,2020-02-06 13:49:00,76.0
77,875,2019-11-20 16:47:44.566000,0,117.0
231,400,2020-02-05 16:34:22.086000,0,0.0
231,542,2020-02-05 16:34:36.752000,0,0.0
231,844,2020-02-05 17:08:14.694000,0,0.0
231,556,2020-02-05 16:00:33.180000,0,28.0
231,439,2020-02-05 16:10:42.982000,0,82.0
231,470,2020-02-05 16:10:41.545000,0,0.0
231,781,2020-02-05 16:08:57.430000,0,0.0
231,512,2020-02-05 16:10:42.881000,0,0.0
231,249,2020-02-05 16:38:15.699000,0,0.0
231,362,2020-02-05 16:38:24.133000,0,0.0
1,959,2020-03-10 11:14:50.664000,2020-03-10 11:13:58,29.0
143,356,0,2021-08-29 18:04:02,0.0
143,758,0,2021-08-29 18:04:02,0.0
143,514,0,2021-08-29 18:04:02,78.0
143,690,0,2021-08-29 18:04:02,0.0
143,631,0,2021-08-29 18:04:02,0.0
143,787,0,2021-08-29 18:04:02,0.0
143,482,0,2021-08-29 18:04:02,0.0
161,1147,2020-02-04 18:37:12.045000,2020-02-04 18:36:27,250.0
161,1120,2020-02-04 19:43:33.961000,2020-02-04 18:36:27,0.0
161,1000,2020-02-04 19:13:03.944000,2020-02-04 18:36:27,0.0
161,1025,2020-02-04 19:12:28.017000,2020-02-04 18:36:27,0.0
135,990,2020-03-18 16:54:16.961000,2020-03-18 16:53:55,0.0
135,1199,2020-03-18 16:55:11.495000,2020-03-18 16:53:55,0.0
135,1013,2020-03-18 16:57:12.783000,2020-03-18 16:53:55,0.0
141,669,0,2020-07-01 21:37:14,0.0
141,527,0,2020-07-01 21:37:14,0.0
141,417,0,2020-07-01 21:37:14,0.0
141,592,0,2020-07-01 21:37:14,0.0
141,422,0,2020-07-01 21:37:14,275.0
135,1063,2020-03-18 16:57:32.224000,2020-03-18 16:53:55,0.0
135,966,2020-03-18 16:55:30.677000,2020-03-18 16:53:55,0.0
135,987,2020-03-18 16:56:31.782000,2020-03-18 16:53:55,0.0
135,992,2020-03-18 16:57:02.150000,2020-03-18 16:53:55,0.0
135,1090,2020-03-18 16:54:30.697000,2020-03-18 16:53:55,0.0
135,1197,2020-03-18 16:57:45.171000,2020-03-18 16:53:55,227.0
135,1197,2020-03-18 16:57:45.171000,2020-03-18 16:53:55,0.0
141,246,0,2020-07-01 21:37:14,0.0
141,633,0,2020-07-01 21:37:14,0.0
141,315,0,2020-07-01 21:37:14,0.0
141,389,0,2020-07-01 21:37:14,0.0
141,685,0,2020-07-01 21:37:14,0.0
141,190,0,2020-07-01 21:37:14,0.0
141,816,0,2020-07-01 21:37:14,0.0
141,283,0,2020-07-01 21:37:14,0.0
141,838,0,2020-07-01 21:37:14,0.0
141,201,0,2020-07-01 21:37:14,0.0
141,467,0,2020-07-01 21:37:14,0.0
141,762,0,2020-07-01 21:37:14,0.0
141,390,0,2020-07-01 21:37:14,0.0
141,697,0,2020-07-01 21:37:14,0.0
141,422,0,2020-07-01 21:37:14,0.0
248,225,0,2021-10-02 23:11:25,167.0
23,225,0,2021-10-02 23:11:25,167.0
211,1134,2019-08-31 07:27:51.827000,0,0.0
211,1089,2019-08-31 07:27:59.563000,0,271.0
8,1250,2019-06-14 19:05:02.425000,0,249.0
184,935,2020-02-09 16:53:53.722000,0,89.0
279,877,2020-02-09 16:48:22.369000,0,296.0
306,405,2020-02-09 16:51:30.749000,0,202.0
71,1149,0,2021-11-11 20:14:20,0.0
71,1233,0,2021-11-11 20:14:20,0.0
71,977,0,2021-11-11 20:14:20,332.0
71,977,0,2021-11-11 20:14:20,0.0
90,1193,2020-03-16 08:25:42.057000,0,0.0
90,1016,2020-03-16 08:25:44.256000,0,0.0
90,1159,2020-03-16 08:13:51.872000,0,0.0
90,965,2020-03-16 08:25:44.349000,0,270.0
56,1043,2020-03-16 22:24:50.469000,2020-03-16 22:22:27,0.0
56,1084,2020-03-16 22:25:17.634000,2020-03-16 22:22:27,0.0
56,1232,2020-03-16 22:22:45.747000,2020-03-16 22:22:27,0.0
56,555,2020-03-16 23:44:39.576000,2020-03-16 22:22:27,258.0
56,993,2020-03-16 22:56:28.096000,2020-03-16 22:22:27,0.0
56,1238,2020-03-16 22:23:44.603000,2020-03-16 22:22:27,0.0
56,1206,2020-03-16 22:36:57.200000,2020-03-16 22:22:27,0.0
56,555,2020-03-16 23:44:39.576000,2020-03-16 22:22:27,0.0
56,993,2020-03-16 22:56:28.096000,2020-03-16 22:22:27,0.0
90,965,2020-03-16 08:25:44.349000,0,270.0
328,1074,2020-02-08 18:11:16.635000,0,43.0
269,520,0,2022-06-29 09:04:45,0.0
245,915,0,2022-06-29 10:41:59,0.0
269,521,0,2022-06-29 09:04:45,68.0
245,438,0,2022-06-29 10:41:59,0.0
245,757,0,2022-06-29 10:41:59,0.0
245,791,0,2022-06-29 10:41:59,0.0
269,429,0,2022-06-29 09:04:45,0.0
245,783,0,2022-06-29 10:41:59,252.0
269,802,0,2022-06-29 09:04:45,0.0
269,929,0,2022-06-29 09:04:45,0.0
269,737,0,2022-06-29 09:04:45,0.0
269,369,0,2022-06-29 09:04:45,0.0
282,862,0,0,0.0
282,604,0,0,0.0
140,1021,0,0,0.0
140,1124,0,0,0.0
140,1116,0,0,0.0
140,1012,0,0,0.0
282,862,0,0,331.0
140,1114,0,0,0.0
140,996,0,0,181.0
140,972,0,0,0.0
140,1182,0,0,0.0
140,985,0,0,0.0
140,1211,0,0,0.0
140,1130,0,0,0.0
140,1019,0,0,0.0
140,1015,0,0,0.0
140,1123,0,0,0.0
140,1213,0,0,0.0
140,1114,0,0,0.0
313,332,0,2021-10-08 11:30:13,11.0
267,475,0,2021-11-15 19:21:11,0.0
112,930,0,0,0.0
112,354,0,0,0.0
112,923,0,0,0.0
112,574,0,0,0.0
112,699,0,0,0.0
112,727,0,0,0.0
112,469,0,0,0.0
112,351,0,0,0.0
112,463,0,0,0.0
112,804,0,0,0.0
112,318,0,0,188.0
267,426,0,2021-11-15 19:21:11,0.0
112,204,0,0,0.0
112,907,0,0,0.0
112,847,0,0,0.0
112,673,0,0,0.0
112,772,0,0,0.0
112,561,0,0,0.0
112,517,0,0,0.0
112,805,0,0,0.0
112,446,0,0,0.0
267,605,0,2021-11-15 19:21:11,259.0
112,678,0,0,0.0
112,430,0,0,0.0
112,886,0,0,0.0
112,491,0,0,0.0
112,629,0,0,0.0
112,500,0,0,0.0
112,798,0,0,0.0
112,610,0,0,0.0
112,807,0,0,0.0
112,721,0,0,0.0
267,550,0,2021-11-15 19:21:11,0.0
267,822,0,2021-11-15 19:21:11,0.0
267,496,0,2021-11-15 19:21:11,0.0
162,848,0,2020-08-18 19:01:10,207.0
162,848,0,2020-08-18 19:01:10,207.0
249,1079,2019-07-25 09:53:40.341000,2019-07-25 09:23:49,233.0
249,967,2019-07-25 09:25:13.955000,2019-07-25 09:23:49,0.0
249,967,2019-07-25 09:25:13.955000,2019-07-25 09:23:49,0.0
230,719,0,2020-09-24 06:46:29,0.0
249,1204,2019-07-25 09:24:26.203000,2019-07-25 09:23:49,0.0
75,203,2019-07-25 19:39:40.210000,0,93.0
230,728,0,2020-09-24 06:46:29,0.0
230,728,0,2020-09-24 06:46:29,35.0
190,215,2020-03-19 01:25:22.092000,0,284.0
190,269,2020-03-19 01:24:02.455000,0,0.0
190,712,2020-03-19 01:38:12.743000,0,0.0
190,741,2020-03-19 01:24:53.535000,0,0.0
190,348,2020-03-19 01:39:57.839000,0,0.0
250,579,2020-03-19 09:09:38.901000,0,26.0
190,652,2020-03-19 01:42:54.753000,0,0.0
190,215,2020-03-19 01:25:22.092000,0,284.0
150,1295,2018-12-18 22:46:03.021000,2018-12-18 22:45:56,0.0
150,66,2018-12-18 22:55:38.780000,2018-12-18 22:45:56,0.0
150,1339,2018-12-18 22:59:26.121000,2018-12-18 22:45:56,0.0
150,1317,2018-12-18 22:53:39.415000,2018-12-18 22:45:56,0.0
150,156,2018-12-18 22:59:43.764000,2018-12-18 22:45:56,120.0
120,1096,0,0,0.0
120,962,0,0,0.0
150,1306,2018-12-18 22:52:37.654000,2018-12-18 22:45:56,0.0
120,1180,0,0,155.0
